<?xml version="1.0" encoding="ISO-8859-1" ?>
<extensions xmlns="http://www.demandware.com/xml/bmmodules/2007-12-11"
	xmlns:xsi="http://www.w3.org/2001/XMLSchema-instance" xsi:schemaLocation="http://www.demandware.com/xml/bmmodules/2007-12-11 bmext.xsd">

	<menuaction id="braintree-styles-configuration" menupath="site-prefs" position="1" site="true">
		<name xml:lang="x-default">Braintree Styles Configuration</name>
		<short_description xml:lang="x-default">Manage the PayPal Smart Button, PayPal Credit Banner, Google Pay Button and Apple Pay Button Styles Configurations</short_description>
		<description xml:lang="x-default">Manage the PayPal Smart Button, PayPal Credit Banner, Google Pay Button and Apple Pay Button Styles Configurations</description>
		<exec pipeline="Configuration" node="Start" />
		<sub-pipelines>
			<pipeline name="Configuration-Start" />
			<pipeline name="PaypalConfig-Start" />
			<pipeline name="PaypalConfig-SaveSmartButton" />
			<pipeline name="PaypalConfig-SaveCreditBanner" />
			<pipeline name="GooglePayConfig-Start" />
			<pipeline name="GooglePayConfig-SaveButton" />
			<pipeline name="ApplePayConfig-Start" />
			<pipeline name="ApplePayConfig-SaveButton" />
		</sub-pipelines>
		<icon>images/braintree_mark_logo.png</icon>
	</menuaction>

</extensions>