{
	"step-types":{
        "chunk-script-module-step": [
            {
                "@type-id": "custom.SynchronizeCustomers",
                "@supports-parallel-execution": "false",
                "@supports-site-context": "true",
                "@supports-organization-context": "false",
                "description": "Removes user accounts on Braintree Site, if these customers were removed from SFCC. Works after the first initial launch, when the initial customer list is created",
                "module": "bm_braintree/cartridge/scripts/steps/synchronizeCustomers.js",
                "before-step-function": "beforeStep",
                "read-function": "read",
                "process-function": "process",
                "write-function": "write",
                "after-step-function": "afterStep",
                "chunk-size": 100,
                "transactional": "false",
                "parameters": {
                    "parameter": [
                        {
                            "@name": "CustomerBackupPath",
                            "@type": "string",
                            "@required": "true",
                            "@trim": "true",
                            "default-value": "IMPEX/src/jobSynchronizeCustomers/customersBackup/customers-backup.csv",
                            "description": "Path to the last customer backup csv file."
                        },
                        {
                            "@name": "FileReportPath",
                            "@type": "string",
                            "@required": "true",
                            "@trim": "true",
                            "default-value": "IMPEX/src/jobSynchronizeCustomers/synchronize-customers-{DateTime}.csv",
                            "description": "Path to the report csv file. {DataTime} is available"
                        }
                    ]
                },
                "status-codes": {
                    "status": [
                        {
                            "@code": "ERROR",
                            "description": "Used when the step failed with an error."
                        },
                        {
                            "@code": "OK",
                            "description": "Used when the step finished successfully."
                        }
                    ]
                }
            },
            {
                "@type-id": "custom.CreateCustomersBackup",
                "@supports-parallel-execution": "false",
                "@supports-site-context": "true",
                "@supports-organization-context": "false",
                "description": "Create Braintree customers backup, which exists on the SFCC side",
                "module": "bm_braintree/cartridge/scripts/steps/createCustomersBackup.js",
                "before-step-function": "beforeStep",
                "total-count-function": "getTotalCount",
                "read-function": "read",
                "process-function": "process",
                "write-function": "write",
                "after-step-function": "afterStep",
                "chunk-size": 100,
                "transactional": "false",
                "parameters": {
                    "parameter": [
                        {
                            "@name": "CustomerBackupPath",
                            "@type": "string",
                            "@required": "true",
                            "@trim": "true",
                            "default-value": "IMPEX/src/jobSynchronizeCustomers/customersBackup/customers-backup.csv",
                            "description": "Path to the last customer backup csv file."
                        }
                    ]
                },
                "status-codes": {
                    "status": [
                        {
                            "@code": "ERROR",
                            "description": "Used when the step failed with an error."
                        },
                        {
                            "@code": "OK",
                            "description": "Used when the step finished successfully."
                        }
                    ]
                }
            }
        ]
	}
}
