<?xml version="1.0" encoding="UTF-8"?>
<jobs xmlns="http://www.demandware.com/xml/impex/jobs/2015-07-01">
    <job job-id="BraintreeImportPaymentMethodTokens" priority="0">
        <description>Import Payment Method Tokens Job which is reads input CSV file (DW_ID,DW_Email,bt_id,bt_token) and checks if customer with id DW_ID already has such payment instrument with method token (bt_token) and if not creates new customer payment instrument with all dummy values except braintree payment token (bt_token).

This Job accepts job parameters:
* file_name - input file short name without path (impex/src will be prepended automatically). If no parameter provided 'braintree_payment_tokens.csv' will be used as file name.&amp;#13;
* ignore_exist_tokens - bool flag indicates if check for existing tokens should be skipped. If check skipped, this may cause to duplicated payment methods.&amp;#13;
* remove_file - bool flag indicates if import file should be removed after processing.</description>
        <parameters/>
        <flow>
            <context site-id="RefArch"/>
            <step step-id="BraintreeImportPaymentMethodTokens" type="ExecuteScriptModule" enforce-restart="false">
                <description/>
                <parameters>
                    <parameter name="ExecuteScriptModule.Module">int_braintree/cartridge/scripts/braintree/jobs/ImportPaymentMethodTokens.js</parameter>
                    <parameter name="ExecuteScriptModule.FunctionName">execute</parameter>
                    <parameter name="ExecuteScriptModule.Transactional">false</parameter>
                    <parameter name="file_name">RefArch.csv</parameter>
                    <parameter name="ignore_exist_tokens">true</parameter>
                    <parameter name="remove_file">true</parameter>
                    <parameter name="clean_wallet">false</parameter>
                </parameters>
            </step>
        </flow>
        <rules/>
        <triggers>
            <run-once enabled="true">
                <date>2017-06-02Z</date>
                <time>11:10:34.000Z</time>
            </run-once>
        </triggers>
    </job>

    <job job-id="BraintreeUpdateOrders" priority="0">
        <description>It's job, which synchronize transaction statuses on Braintree side with related orders transactions</description>
        <parameters/>
        <flow>
            <context site-id="SiteGenesis"/>
            <step step-id="BraintreeUpdatePaymentStatuses" type="ExecuteScriptModule" enforce-restart="false">
                <description/>
                <parameters>
                    <parameter name="ExecuteScriptModule.Module">int_braintree/cartridge/scripts/braintree/jobs/UpdatePaymentStatuses.js</parameter>
                    <parameter name="ExecuteScriptModule.FunctionName">execute</parameter>
                    <parameter name="ExecuteScriptModule.Transactional">true</parameter>
                </parameters>
            </step>
        </flow>
        <rules/>
        <triggers>
            <run-recurring enabled="true">
                <recurrence>
                    <date-from>2017-06-02Z</date-from>
                    <start-time>17:46:50.000Z</start-time>
                    <interval>1h</interval>
                    <day-of-week/>
                </recurrence>
            </run-recurring>
        </triggers>
    </job>

     <job job-id="SynchronizeCustomers" priority="0">
        <description>
            Removes user accounts on Braintree Site, if these customers were removed from SFCC.
            Works after the first initial launch, when the initial customer list is created
        </description>
        <parameters/>
        <flow>
            <context site-id="RefArch"/>
            <step step-id="synchronizeCustomers" type="custom.SynchronizeCustomers" enforce-restart="false">
                <description/>
                <rules>
                    <on-exit status="ERROR">
                        <stop-flow/>
                    </on-exit>
                    <on-exit status="OK">
                        <continue/>
                    </on-exit>
                </rules>
            </step>
            <step step-id="createCustomersBackup" type="custom.CreateCustomersBackup" enforce-restart="false">
                <description/>
                <rules>
                    <on-exit status="ERROR">
                        <stop-flow/>
                    </on-exit>
                    <on-exit status="OK">
                        <continue/>
                    </on-exit>
                </rules>
            </step>
        </flow>
        <rules/>
        <triggers>
            <run-once enabled="false">
                <date>2022-08-11Z</date>
                <time>08:08:37.000Z</time>
                <rules>
                    <on-exit status="ERROR">
                        <disable-trigger/>
                    </on-exit>
                </rules>
            </run-once>
        </triggers>
    </job>

</jobs>