<?xml version="1.0" encoding="UTF-8"?>
<services xmlns="http://www.demandware.com/xml/impex/services/2014-09-26">
    <service-credential service-credential-id="Braintree_Sandbox_Credentials">
        <url>https://api.sandbox.braintreegateway.com/</url>
        <user-id>3xmn5s4d2xy3pb43</user-id>
        <password encrypted="true" encryption-type="common.export">XdH5R8VBnwXgGf7V2ZiUhEx0H9DD7xNwwQlAvkGB1ywCAhHhxJ6W9Zwktux/QzX8ayR9EJBYjm1Rz7ScHQbZBg==</password>
        <custom-attributes>
            <custom-attribute attribute-id="BRAINTREE_Merchant_ID">6mfmt3h4ss665v9w</custom-attribute>
            <custom-attribute attribute-id="BRAINTREE_Tokenization_Key"></custom-attribute>
            <custom-attribute attribute-id="PP_API_IsProduction">false</custom-attribute>
            <custom-attribute attribute-id="PP_API_UseCertificate">false</custom-attribute>
        </custom-attributes>
    </service-credential>

    <service-credential service-credential-id="Braintree_epam_with_3DSecure">
        <url>https://api.sandbox.braintreegateway.com/</url>
        <user-id>ytmsfjgzq7sd83nd</user-id>
        <password encrypted="true" encryption-type="common.export">mFNLVSsFAGg6DkoFRGac+yB4rHPZlHxqGzva5hr1sqjn731BXSBFiKX25kehX1lxbAbrZnz27U07Sw7sfWemTg==</password>
        <custom-attributes>
            <custom-attribute attribute-id="BRAINTREE_Merchant_ID">6v2pkqjxk5x2bdf6</custom-attribute>
            <custom-attribute attribute-id="PP_API_IsProduction">false</custom-attribute>
            <custom-attribute attribute-id="PP_API_UseCertificate">false</custom-attribute>
        </custom-attributes>
    </service-credential>

    <service-credential service-credential-id="Paypal_Sandbox_Credentials">
        <url>https://api.sandbox.paypal.com/</url>
        <user-id>AWLvojdrG8Ga60b5lmkiSyukGGmEOi0h413Mo5RQ4xvcWFgW8zKeiwITB2BomdVWkM7wYhSKNwV_Wiwi</user-id>
        <password encrypted="true" encryption-type="common.export">qsECHRLJjovpyHwsnHVa3Cu2Qg8t+GdbAqTD0gXBnH2HlKZzPwf8i73n+hn6og02HQ8d2yQlqH79yAqSXDNYFCobW+nujB8aXAyrP6Yaz5fFbOcpFG01Pis7jbxLmbotueBvucrdeYH870ECLVwfcg==</password>
        <custom-attributes>
            <custom-attribute attribute-id="BRAINTREE_PAYPAL_RESTAPI_TempToken">A21AAGUBbDlqNdyv7jETDZZFub3i4mQ7Mz31e3MQkNSdxpjAsGuL1giLazf90gg1sMnYWUaBH0QjhOGipW7rg0iLr6A-v_eGg</custom-attribute>
            <custom-attribute attribute-id="BRAINTREE_PAYPAL_RESTAPI_TempTokenExpiredTime">1.567631519335E12</custom-attribute>
            <custom-attribute attribute-id="PP_API_IsProduction">false</custom-attribute>
            <custom-attribute attribute-id="PP_API_UseCertificate">false</custom-attribute>
            <custom-attribute attribute-id="PP_RESTAPI_TempToken">undefined</custom-attribute>
            <custom-attribute attribute-id="PP_RESTAPI_TempTokenExpiredTime">NaN</custom-attribute>
        </custom-attributes>
    </service-credential>

    <service-credential service-credential-id="Braintree_Sandbox_GraphQL_Credentials">
        <url>https://payments.sandbox.braintree-api.com/graphql</url>
        <user-id>ytmsfjgzq7sd83nd</user-id>
        <password encrypted="true" encryption-type="common.export">mFNLVSsFAGg6DkoFRGac+yB4rHPZlHxqGzva5hr1sqjn731BXSBFiKX25kehX1lxbAbrZnz27U07Sw7sfWemTg==</password>
    </service-credential>

    <service-credential service-credential-id="Braintree_Sandbox_Connect_Credentials">
        <url>https://api-m.sandbox.paypal.com/v1/</url>
        <user-id/>
        <password/>
    </service-credential>

    <service-profile service-profile-id="Braintree_Default_Profile">
        <timeout-millis>60000</timeout-millis>
        <rate-limit-enabled>false</rate-limit-enabled>
        <rate-limit-calls>0</rate-limit-calls>
        <rate-limit-millis>0</rate-limit-millis>
        <cb-enabled>false</cb-enabled>
        <cb-calls>0</cb-calls>
        <cb-millis>0</cb-millis>
    </service-profile>

    <service service-id="int_paypal.http.rest.credit">
        <service-type>HTTP</service-type>
        <enabled>true</enabled>
        <log-prefix>PayPal_rest</log-prefix>
        <comm-log-enabled>false</comm-log-enabled>
        <force-prd-enabled>false</force-prd-enabled>
        <mock-mode-enabled>false</mock-mode-enabled>
        <profile-id>Braintree_Default_Profile</profile-id>
        <credential-id>Paypal_Sandbox_Credentials</credential-id>
    </service>

    <service service-id="int_braintree.http.graphql.payment.Braintree">
        <service-type>HTTP</service-type>
        <enabled>true</enabled>
        <log-prefix>Braintree_graphql</log-prefix>
        <comm-log-enabled>true</comm-log-enabled>
        <force-prd-enabled>false</force-prd-enabled>
        <mock-mode-enabled>false</mock-mode-enabled>
        <profile-id>Braintree_Default_Profile</profile-id>
        <credential-id>Braintree_Sandbox_GraphQL_Credentials</credential-id>
    </service>

    <service service-id="int_braintree.http.rest.Paypal">
        <service-type>HTTP</service-type>
        <enabled>true</enabled>
        <log-prefix>Braintree_CWPP</log-prefix>
        <comm-log-enabled>true</comm-log-enabled>
        <force-prd-enabled>false</force-prd-enabled>
        <mock-mode-enabled>false</mock-mode-enabled>
        <profile-id>Braintree_Default_Profile</profile-id>
        <credential-id>Braintree_Sandbox_Connect_Credentials</credential-id>
    </service>
</services>
