<?xml version="1.0" encoding="UTF-8"?>
<metadata xmlns="http://www.demandware.com/xml/impex/metadata/2006-10-31">
    <type-extension type-id="SitePreferences">
        <custom-attribute-definitions>
            <attribute-definition attribute-id="DROPIN_AP_API_Button_Styles">
                <display-name xml:lang="x-default">Apple Pay API Button Styles for Dropin-ui solution</display-name>
                <description xml:lang="x-default">Return style configurations for Apple Pay button (cart, billing)&#13;
                &#13;
                Available values:&#13;
                buttonStyle: 'black', // black, white, white-outline&#13;
                &#13;
                Default value:&#13;
                {&#13;
                    "cart":{"buttonStyle":"black"},&#13;
                    "billing":{"buttonStyle":"black"}&#13;
                }</description>
                <type>string</type>
                <mandatory-flag>false</mandatory-flag>
                <externally-managed-flag>false</externally-managed-flag>
                <min-length>0</min-length>
                <default-value>{"cart":{"buttonStyle":"black"},"billing":{"buttonStyle":"black"}}</default-value>
            </attribute-definition>
            <attribute-definition attribute-id="DROPIN_PP_API_Smart_Button_Styles">
                <display-name xml:lang="x-default">Pay Pal API Smart Button Styles for Dropin solution</display-name>
                <description xml:lang="x-default">Return style configurations for Pay Pal smart button (cart, billing, minicart, pdp pages)&#13;
                    * Available values:&#13;
                    *  color: (string) gold, blue, silver, black, white,&#13;
                    *  shape: (string) pill, rect,&#13;
                    *  label: (string) paypal, checkout, pay,&#13;
                    *  size: (string) small, medium, large, responsive&#13;
                    &#13;
                    Default value:&#13;
                    {&#13;
                        "cart":{"color":"gold","shape":"rect","label":"checkout","size":"small"},&#13;
                        "checkout":{"color":"gold","shape":"rect","label":"checkout","size":"small"},&#13;
                        "minicart": {"color":"gold","shape":"rect","label":"checkout","size":"small"},&#13;
                        "pdp": {"color":"gold","shape":"rect","label":"checkout","size":"small"}&#13;
                    }</description>
                <type>string</type>
                <mandatory-flag>false</mandatory-flag>
                <externally-managed-flag>false</externally-managed-flag>
                <min-length>0</min-length>
                <default-value>{                        "cart":{"color":"gold","shape":"rect","label":"checkout","size":"small"},                        "billing":{"color":"gold","shape":"rect","label":"checkout","size":"small"},                        "minicart": { "color":"gold","shape":"rect","label":"checkout","size":"small"},                        "pdp": { "color":"gold","shape":"rect","label":"checkout","size":"small" }                    }</default-value>
            </attribute-definition>
            <attribute-definition attribute-id="AP_API_Button_Styles">
                <display-name xml:lang="x-default">Apple Pay API Button Styles</display-name>
                <description xml:lang="x-default">Return style configurations for Apple Pay button (cart, billing)&#13;
                &#13;
                Available values:&#13;
                buttonStyle: 'black', // black, white, white-outline&#13;
                type: 'plain', // add-money, book, buy, check-out, continue, contribute, donate, order, pay, plain, reload, rent, set-up, subscribe, support, tip, top-up, &#13;
                &#13;
                Default value:&#13;
                {&#13;
                    "cart":{"buttonStyle":"black", "type": "plain"},&#13;
                    "billing":{"buttonStyle":"black", "type": "plain"}&#13;
                }</description>
                <type>string</type>
                <mandatory-flag>false</mandatory-flag>
                <externally-managed-flag>false</externally-managed-flag>
                <min-length>0</min-length>
                <default-value>{"cart":{"buttonStyle":"black",  "type": "plain"},"billing":{"buttonStyle":"black",  "type": "plain"}}</default-value>
            </attribute-definition>
            <attribute-definition attribute-id="BRAINTREE_PAYPAL_ChangePaymentMethodButton_Enabled">
                <display-name xml:lang="x-default">Change Payment Method Button behavior enabled</display-name>
                <description xml:lang="x-default">If set to true, and "BRAINTREE_Vault_Mode" site pref is "false", then buyers ability to flexibly change the payment method that they had previously selected within the PayPal Wallet when storing it within a vault.&#13;
Buyers can choose to change the payment method by clicking on the PayPal button as seen below and clicking the link "Change payment method".</description>
                <type>boolean</type>
                <mandatory-flag>false</mandatory-flag>
                <externally-managed-flag>false</externally-managed-flag>
                <default-value>true</default-value>
            </attribute-definition>
            <attribute-definition attribute-id="BRAINTREE_PAYPAL_CWPP_Button_Url">
                <display-name xml:lang="x-default">Connect with PayPal button url</display-name>
                <description xml:lang="x-default">This URL is used for Connect with PayPal feature.&#13;
Sandbox URL: https://www.sandbox.paypal.com/connect?&#13;
Production URL: https://www.paypal.com/connect?</description>
                <type>string</type>
                <mandatory-flag>false</mandatory-flag>
                <externally-managed-flag>false</externally-managed-flag>
                <min-length>0</min-length>
                <default-value>https://www.sandbox.paypal.com/connect?</default-value>
            </attribute-definition>
            <attribute-definition attribute-id="BRAINTREE_PAYPAL_CWPP_Agent_Login">
                <display-name xml:lang="x-default">Connect with PayPal agent login</display-name>
                <description xml:lang="x-default">Connect with PayPal functionality requires agent credentials to perform "Login On Behalf" action.</description>
                <type>string</type>
                <mandatory-flag>false</mandatory-flag>
                <externally-managed-flag>false</externally-managed-flag>
                <min-length>0</min-length>
            </attribute-definition>
            <attribute-definition attribute-id="BRAINTREE_PAYPAL_CWPP_Agent_Password">
                <display-name xml:lang="x-default">Connect with PayPal agent password</display-name>
                <description xml:lang="x-default">Connect with PayPal functionality requires agent credentials to perform "Login On Behalf" action.</description>
                <type>password</type>
                <mandatory-flag>false</mandatory-flag>
                <externally-managed-flag>false</externally-managed-flag>
            </attribute-definition>
            <attribute-definition attribute-id="BRAINTREE_PAYPAL_APMA_Enabled">
                <display-name xml:lang="x-default">Automatic payment method adding enabled</display-name>
                <description xml:lang="x-default">Indicates if the 'Automatic payment method adding' feature is enabled via Connect with Paypal</description>
                <type>boolean</type>
                <mandatory-flag>false</mandatory-flag>
                <externally-managed-flag>false</externally-managed-flag>
                <default-value>false</default-value>
            </attribute-definition>
            <attribute-definition attribute-id="BRAINTREE_3DSecure_Fallback">
                <display-name xml:lang="x-default">3DSecure fallback</display-name>
                <description xml:lang="x-default">This site preference automatically defines the necessity of triggering 3DS flow, even in cases when the 3DSecurity site preference is disabled. Note: this site preference is not applicable for Drop-In</description>
                <type>enum-of-string</type>
                <mandatory-flag>false</mandatory-flag>
                <externally-managed-flag>false</externally-managed-flag>
                <value-definitions>
                    <value-definition default="true">
                        <display xml:lang="x-default">Enabled</display>
                        <value>enabled</value>
                    </value-definition>
                    <value-definition>
                        <display xml:lang="x-default">Disabled</display>
                        <value>disabled</value>
                    </value-definition>
                </value-definitions>
            </attribute-definition>
            <attribute-definition attribute-id="BRAINTREE_3DSecure_Verification_Account_Page">
                <display-name xml:lang="x-default">3DSecure CC verification on the My Account page</display-name>
                <description xml:lang="x-default">This site preference allows saving credit cards to the wallet only in case of successful 3DSecure verification. Note: this site preference works only when 3DSecure or 3DSecure fallback site preference is enabled</description>
                <type>enum-of-string</type>
                <mandatory-flag>false</mandatory-flag>
                <externally-managed-flag>false</externally-managed-flag>
                <value-definitions>
                    <value-definition>
                        <display xml:lang="x-default">Enabled</display>
                        <value>enabled</value>
                    </value-definition>
                    <value-definition default="true">
                        <display xml:lang="x-default">Disabled</display>
                        <value>disabled</value>
                    </value-definition>
                </value-definitions>
            </attribute-definition>
            <attribute-definition attribute-id="BRAINTREE_3DSecure_Enabled">
                <display-name xml:lang="x-default">3DSecure</display-name>
                <description xml:lang="x-default">3DSecure provides an extra level of protection for card holders. For countries outside of the U.S., many card holders’ credit cards are enrolled in 3DSecure. If Enabled, the card holder will be prompted to authenticate using their login credentials.</description>
                <type>enum-of-string</type>
                <mandatory-flag>false</mandatory-flag>
                <externally-managed-flag>false</externally-managed-flag>
                <value-definitions>
                    <value-definition>
                        <display xml:lang="x-default">Enabled</display>
                        <value>enabled</value>
                    </value-definition>
                    <value-definition default="true">
                        <display xml:lang="x-default">Disabled</display>
                        <value>disabled</value>
                    </value-definition>
                </value-definitions>
            </attribute-definition>
            <attribute-definition attribute-id="BRAINTREE_CREDIT_REVERIFY_ENABLED">
                <display-name xml:lang="x-default">Braintree Credit Card Re-Verify Enabled</display-name>
                <description xml:lang="x-default">This property allows logged-in buyers to re-verify a saved CC on the Checkout page</description>
                <type>boolean</type>
                <mandatory-flag>false</mandatory-flag>
                <externally-managed-flag>false</externally-managed-flag>
                <default-value>false</default-value>
            </attribute-definition>
            <attribute-definition attribute-id="BRAINTREE_3DSecure_Skip_Client_Validation_Result">
                <display-name xml:lang="x-default">Skip 3DSecure result</display-name>
                <description xml:lang="x-default">If enabled, the 3D Secure result will be ignored and transaction will be processed.</description>
                <type>enum-of-string</type>
                <mandatory-flag>false</mandatory-flag>
                <externally-managed-flag>false</externally-managed-flag>
                <value-definitions>
                    <value-definition>
                        <display xml:lang="x-default">Enabled</display>
                        <value>enabled</value>
                    </value-definition>
                    <value-definition default="true">
                        <display xml:lang="x-default">Disabled</display>
                        <value>disabled</value>
                    </value-definition>
                </value-definitions>
            </attribute-definition>
            <attribute-definition attribute-id="BRAINTREE_PAYPAL_Display_Name">
                <display-name xml:lang="x-default">Merchant Name</display-name>
                <description xml:lang="x-default">This is your merchant name that will be displayed inside of the PayPal lightbox. If empty, the company name from your Braintree account will be displayed.</description>
                <type>string</type>
                <mandatory-flag>false</mandatory-flag>
                <externally-managed-flag>false</externally-managed-flag>
                <min-length>0</min-length>
            </attribute-definition>
            <attribute-definition attribute-id="BRAINTREE_PAYPAL_Is_Order_Intent">
                <display-name xml:lang="x-default">Use Intent Type Order</display-name>
                <description xml:lang="x-default">The Payment Model Intent Type 'order' - Allows a merchant to validate a buyers’ ability to pay for the goods without an authorization. If true is selected, vault mode is not available.</description>
                <type>boolean</type>
                <mandatory-flag>false</mandatory-flag>
                <externally-managed-flag>false</externally-managed-flag>
                <default-value>false</default-value>
            </attribute-definition>
            <attribute-definition attribute-id="BRAINTREE_Merchant_Account_IDs">
                <display-name xml:lang="x-default">Merchant Account IDs</display-name>
                <description xml:lang="x-default">Example: "EUR:MERCHANACID". You can use it to have multiple merchant accounts within the same Braintree gateway. Currency is also determined by Merchant Account ID. If no Merchant Account ID is specified, Braintree will use your default merchant account.</description>
                <type>set-of-string</type>
                <mandatory-flag>false</mandatory-flag>
                <externally-managed-flag>false</externally-managed-flag>
            </attribute-definition>
            <attribute-definition attribute-id="BRAINTREE_SETTLE">
                <display-name xml:lang="x-default">Settle transaction immediately</display-name>
                <description xml:lang="x-default">This determines whether the transaction is settled immediately (Sale) or later (Authorization)</description>
                <type>boolean</type>
                <mandatory-flag>false</mandatory-flag>
                <externally-managed-flag>false</externally-managed-flag>
                <default-value>false</default-value>
            </attribute-definition>
            <attribute-definition attribute-id="BRAINTREE_Vault_Mode">
                <display-name xml:lang="x-default">Store Payment Method in Vault</display-name>
                <description xml:lang="x-default">This allows you the ability to store many details in your Braintree vault, including a customer’s Payment Method.</description>
                <type>boolean</type>
                <mandatory-flag>false</mandatory-flag>
                <externally-managed-flag>false</externally-managed-flag>
                <default-value>true</default-value>
            </attribute-definition>
            <attribute-definition attribute-id="BRAINTREE_Custom_Fields">
                <display-name xml:lang="x-default">Default Custom Fields</display-name>
                <description xml:lang="x-default">You must set up each custom field in the Braintree Control Panel prior to entering it here and passing it with a request. Example: "field_name:value". A field name cannot exceed 255 characters and cannot include capital letters or spaces.</description>
                <type>set-of-string</type>
                <mandatory-flag>false</mandatory-flag>
                <externally-managed-flag>false</externally-managed-flag>
            </attribute-definition>
            <attribute-definition attribute-id="BRAINTREE_L2_L3">
                <display-name xml:lang="x-default">Level 2 and 3 Processing</display-name>
                <description xml:lang="x-default">Level 2 and 3 processing can help you qualify for lower interchange rates on transactions made with certain Visa and Mastercard corporate and purchasing cards. In order to qualify for Level 2, you need to pass specific data in credit card transactions. To qualify for Level 3, you need to pass specific line item data and additional information when creating sale transactions.</description>
                <type>boolean</type>
                <mandatory-flag>false</mandatory-flag>
                <externally-managed-flag>false</externally-managed-flag>
                <default-value>true</default-value>
            </attribute-definition>
            <attribute-definition attribute-id="BRAINTREE_PAYPAL_Enable_Funding_List">
                <display-name xml:lang="x-default">List of enable funding methods</display-name>
                <description xml:lang="x-default">List of additional enable funding methods for SDK URL creation (example: "paylater")</description>
                <type>set-of-string</type>
                <mandatory-flag>false</mandatory-flag>
                <externally-managed-flag>false</externally-managed-flag>
                <default-value></default-value>
            </attribute-definition>
            <attribute-definition attribute-id="BRAINTREE_PAYPAL_Disable_Funding_List">
                <display-name xml:lang="x-default">List of disable funding methods</display-name>
                <description xml:lang="x-default">List of additional disable funding methods for SDK URL creation (example: "paylater" or/and "card")</description>
                <type>set-of-string</type>
                <mandatory-flag>false</mandatory-flag>
                <externally-managed-flag>false</externally-managed-flag>
                <default-value></default-value>
            </attribute-definition>
            <attribute-definition attribute-id="BRAINTREE_PAYPAL_Billing_Agreement_Description">
                <display-name xml:lang="x-default">Billing Agreement Description</display-name>
                <description xml:lang="x-default">Use this option to set the description of the preapproved payment agreement visible to customers in their PayPal profile during Vault flows. Max 249 characters.</description>
                <type>string</type>
                <mandatory-flag>false</mandatory-flag>
                <externally-managed-flag>false</externally-managed-flag>
                <min-length>0</min-length>
            </attribute-definition>
            <attribute-definition attribute-id="BRAINTREE_APPLEPAY_Visibility_Button_On_Cart">
                <display-name xml:lang="x-default">Visibility of Apple Pay Button on the Cart page</display-name>
                <description xml:lang="x-default"></description>
                <type>boolean</type>
                <mandatory-flag>false</mandatory-flag>
                <externally-managed-flag>false</externally-managed-flag>
                <default-value>true</default-value>
            </attribute-definition>
            <attribute-definition attribute-id="BRAINTREE_APPLEPAY_Display_Name">
                <display-name xml:lang="x-default">Merchant Name</display-name>
                <description xml:lang="x-default">Provide a business name for total's label field. Use the same business name people will see when they look for the charge on their bank or credit card statement. For example, "COMPANY INC."</description>
                <type>string</type>
                <mandatory-flag>false</mandatory-flag>
                <externally-managed-flag>false</externally-managed-flag>
                <min-length>0</min-length>
                <default-value>Saleforce Shop</default-value>
            </attribute-definition>
            <attribute-definition attribute-id="BRAINTREE_PAYPAL_Button_Location">
                <display-name xml:lang="x-default">PayPal Button Location</display-name>
                <type>enum-of-string</type>
                <mandatory-flag>false</mandatory-flag>
                <externally-managed-flag>false</externally-managed-flag>
                <value-definitions>
                    <value-definition>
                        <display xml:lang="x-default">Cart and Billing Page</display>
                        <value>Cart</value>
                    </value-definition>
                    <value-definition>
                        <display xml:lang="x-default">Cart, MiniCart, and Billing Page</display>
                        <value>CartMinicart</value>
                    </value-definition>
                    <value-definition>
                        <display xml:lang="x-default">Cart, MiniCart, PDP, and Billing Page</display>
                        <value>CartMinicartPdp</value>
                    </value-definition>
                    <value-definition default="true">
                        <display xml:lang="x-default">Billing Page Only</display>
                        <value>Billing</value>
                    </value-definition>
                </value-definitions>
            </attribute-definition>
            <attribute-definition attribute-id="BRAINTREE_PAYPAL_CWPP_Button_Enabled">
                <display-name xml:lang="x-default">CWPP Button Enabled</display-name>
                <description xml:lang="x-default">It identifies whether the Connect with PayPal (CWPP) button is enabled on the Login and the Checkout pages.</description>
                <type>boolean</type>
                <mandatory-flag>false</mandatory-flag>
                <externally-managed-flag>false</externally-managed-flag>
                <default-value>false</default-value>
            </attribute-definition>
            <attribute-definition attribute-id="BRAINTREE_VENMO_Display_Name">
                <display-name xml:lang="x-default">Merchant Name</display-name>
                <description xml:lang="x-default">Provide a business name for the total's label field. Use the same business name people will see when they look for the charge on their bank or credit card statement. For example, "COMPANY INC."</description>
                <type>string</type>
                <mandatory-flag>false</mandatory-flag>
                <externally-managed-flag>false</externally-managed-flag>
                <min-length>0</min-length>
                <default-value>Saleforce Shop</default-value>
            </attribute-definition>
            <attribute-definition attribute-id="BRAINTREE_GOOGLEPAY_Visibility_Button_On_Cart">
                <display-name xml:lang="x-default">Visibility of Google Pay Button on the Cart page</display-name>
                <description xml:lang="x-default"></description>
                <type>boolean</type>
                <mandatory-flag>false</mandatory-flag>
                <externally-managed-flag>false</externally-managed-flag>
                <default-value>true</default-value>
            </attribute-definition>
            <attribute-definition attribute-id="BRAINTREE_GOOGLEPAY_Display_Name">
                <display-name xml:lang="x-default">Merchant Name</display-name>
                <description xml:lang="x-default">Provide a business name for total's label field. Use the same business name people will see when they look for the charge on their bank or credit card statement. For example, "COMPANY INC."</description>
                <type>string</type>
                <mandatory-flag>false</mandatory-flag>
                <externally-managed-flag>false</externally-managed-flag>
                <min-length>0</min-length>
                <default-value>Saleforce Shop</default-value>
            </attribute-definition>
            <attribute-definition attribute-id="BRAINTREE_GOOGLEPAY_Google_Merchant_Id">
                <display-name xml:lang="x-default">Google merchant id</display-name>
                <description xml:lang="x-default">Example: 'your-merchant-id-from-google';&#13;
A Google merchant identifier issued after your website is approved by Google. Required when PaymentsClient is initialized with an environment property of PRODUCTION, but may be omitted in TEST environment.</description>
                <type>string</type>
                <mandatory-flag>false</mandatory-flag>
                <externally-managed-flag>false</externally-managed-flag>
                <min-length>0</min-length>
            </attribute-definition>
            <attribute-definition attribute-id="BRAINTREE_SRC_Display_Name">
                <display-name xml:lang="x-default">Merchant Name</display-name>
                <description xml:lang="x-default">Provide a business name for total's label field. Use the same business name people will see when they look for the charge on their bank or credit card statement. For example, "COMPANY INC."</description>
                <type>string</type>
                <mandatory-flag>false</mandatory-flag>
                <externally-managed-flag>false</externally-managed-flag>
                <min-length>0</min-length>
                <default-value>Saleforce Shop</default-value>
            </attribute-definition>
            <attribute-definition attribute-id="BRAINTREE_SRC_Visibility_Button_On_Cart">
                <display-name xml:lang="x-default">Visibility of Secure Remote Commerce Button on the Cart page</display-name>
                <description xml:lang="x-default"></description>
                <type>boolean</type>
                <mandatory-flag>false</mandatory-flag>
                <externally-managed-flag>false</externally-managed-flag>
                <default-value>true</default-value>
            </attribute-definition>
            <attribute-definition attribute-id="BRAINTREE_Dropin_UI_Paypal_Credit_Button_Visibility">
                <display-name xml:lang="x-default">Visibility of PayPal Credit Button for Dropin UI</display-name>
                <description xml:lang="x-default">If set to true, and int_braintree_dropin_ui cartridge is connected, PayPal Credit Button for BRAINTREE_Dropin_UI functionality will be displayed</description>
                <type>boolean</type>
                <mandatory-flag>false</mandatory-flag>
                <externally-managed-flag>false</externally-managed-flag>
                <default-value>true</default-value>
            </attribute-definition>
            <attribute-definition attribute-id="GP_API_Button_Styles">
                <display-name xml:lang="x-default">Google Pay API Button Styles</display-name>
                <description xml:lang="x-default">Return style configurations for Google Pay button (cart, billing)&#13;
                &#13;
                Available values:&#13;
                buttonColor: 'black', // black&#13;
                buttonType : 'buy', // book, buy, checkout, donate, order, pay, plain, subscribe&#13;
                buttonSizeMode: 'static', // static, fill&#13;
                &#13;
                Default value:&#13;
                {&#13;
                    "cart":{"buttonColor":"default","buttonType":"buy","buttonSizeMode":"static"},&#13;
                    "billing":{"buttonColor":"default","buttonType":"buy","buttonSizeMode":"static"}&#13;
                }</description>
                <type>string</type>
                <mandatory-flag>false</mandatory-flag>
                <externally-managed-flag>false</externally-managed-flag>
                <min-length>0</min-length>
                <default-value>{"cart":{"buttonColor":"default","buttonType":"buy","buttonSizeMode":"static"},"billing":{"buttonColor":"default","buttonType":"buy","buttonSizeMode":"static"}}</default-value>
            </attribute-definition>
            <attribute-definition attribute-id="PP_API_Credit_Banner_Styles">
                <display-name xml:lang="x-default">Pay Pal API Credit Banner Styles</display-name>
                <description xml:lang="x-default">Return style configurations for Pay Pal Credit Banner (cart, product, category )&#13;
                    Available values:     &#13;
                    layout: 'flex', // flex, text&#13;
                    styleColor: 'gray', // only for flex layout: blue, black, white, white-no-border, gray&#13;
                    ratio: '8x1', // only for flex layout: 1x1, 1x4, 8x1, 20x1&#13;
                    &#13;
                    {"cartCreditConfig":{"layout":"flex","styleColor":"gray","ratio":"8x1","logoType":"primary","logoPosition":"left","textColor":"black"},"productCreditConfig":{"layout":"text","styleColor":"blue","ratio":"8x1","logoType":"primary","logoPosition":"left","textColor":"black"},"categoryCreditConfig":{"layout":"flex","styleColor":"blue","ratio":"20x1","logoType":"primary","logoPosition":"left","textColor":"black"}}
                </description>
                <type>string</type>
                <mandatory-flag>false</mandatory-flag>
                <externally-managed-flag>false</externally-managed-flag>
                <min-length>0</min-length>
                <default-value>{"cartCreditConfig":{"styleLayout":"flex","styleColor":"gray","styleRatio":"8x1","styleLogoType":"","styleLogoPosition":"","styleTextColor":""},"productCreditConfig":{"styleLayout":"text","styleColor":"","styleRatio":"","styleLogoType": "primary","styleLogoPosition":"left","styleTextColor":"black"},"categoryCreditConfig":{"styleLayout":"flex","styleColor":"blue","styleRatio":"20x1","styleLogoType":"","styleLogoPosition":"","styleTextColor":""}}</default-value>
            </attribute-definition>
            <attribute-definition attribute-id="PP_API_Smart_Button_Styles">
                <display-name xml:lang="x-default">Pay Pal API Smart Button Styles</display-name>
                <description xml:lang="x-default">Return style configurations for Pay Pal smart button (cart, billing, minicart, pdp pages)&#13;
                    * Available values:&#13;
                    *  height: (number) from 25 to 55,&#13;
                    *  color: (string) gold, blue, silver, black, white,&#13;
                    *  shape: (string) pill, rect,&#13;
                    *  label: (string) paypal, checkout, pay, buynow, installment,&#13;
                    *  layout: (string) horizontal, vertical,&#13;
                    *  tagline: (boolean) true, false&#13;
                    *  size: (string) small, medium, large, responsive&#13;
                    &#13;
                    Default value:&#13;
                    {
                        "cart":{"height":35,"color":"gold","shape":"rect","layout":"vertical","label":"checkout","tagline":false,"size":"small"},
                        "checkout":{"height":35,"color":"gold","shape":"rect","layout":"vertical","label":"checkout","tagline":false, "size":"small"},
                        "minicart": { "height": 35, "color": "gold", "shape": "rect", "layout": "vertical", "label": "checkout", "tagline": false,"size":"small" },
                        "pdp": { "height": 35, "color": "gold", "shape": "rect", "layout": "vertical", "label": "checkout", "tagline": false,"size":"small" }
                    }
                </description>
                <type>string</type>
                <mandatory-flag>false</mandatory-flag>
                <externally-managed-flag>false</externally-managed-flag>
                <min-length>0</min-length>
                <default-value>
                    {
                        "cart":{"height":35,"color":"gold","shape":"rect","layout":"vertical","label":"checkout","tagline":false,"size":"small"},
                        "billing":{"height":35,"color":"gold","shape":"rect","layout":"vertical","label":"checkout","tagline":false,"size":"small"},
                        "minicart": { "height": 35, "color": "gold", "shape": "rect", "layout": "vertical", "label": "checkout", "tagline": false,"size":"small" },
                        "pdp": { "height": 35, "color": "gold", "shape": "rect", "layout": "vertical", "label": "checkout", "tagline": false,"size":"small" }
                    }
                </default-value>
            </attribute-definition>
        </custom-attribute-definitions>
        <group-definitions>
            <attribute-group group-id="BRAINTREE_COMMON">
                <display-name xml:lang="x-default">Braintree Common</display-name>
                <attribute attribute-id="BRAINTREE_Merchant_Account_IDs"/>
                <attribute attribute-id="BRAINTREE_Vault_Mode"/>
                <attribute attribute-id="BRAINTREE_SETTLE"/>
                <attribute attribute-id="BRAINTREE_L2_L3"/>
                <attribute attribute-id="BRAINTREE_Custom_Fields"/>
            </attribute-group>
            <attribute-group group-id="BRAINTREE_CREDIT">
                <display-name xml:lang="x-default">Braintree Credit</display-name>
                <attribute attribute-id="BRAINTREE_3DSecure_Enabled"/>
                <attribute attribute-id="BRAINTREE_3DSecure_Skip_Client_Validation_Result"/>
                <attribute attribute-id="BRAINTREE_3DSecure_Fallback"/>
                <attribute attribute-id="BRAINTREE_CREDIT_REVERIFY_ENABLED"/>
                <attribute attribute-id="BRAINTREE_3DSecure_Verification_Account_Page"/>
            </attribute-group>
            <attribute-group group-id="BRAINTREE_PAYPAL">
                <display-name xml:lang="x-default">Braintree PayPal</display-name>
                <attribute attribute-id="BRAINTREE_PAYPAL_Display_Name"/>
                <attribute attribute-id="BRAINTREE_PAYPAL_Is_Order_Intent"/>
                <attribute attribute-id="BRAINTREE_PAYPAL_Billing_Agreement_Description"/>
                <attribute attribute-id="BRAINTREE_PAYPAL_Button_Location"/>
                <attribute attribute-id="BRAINTREE_PAYPAL_ChangePaymentMethodButton_Enabled"/>
                <attribute attribute-id="BRAINTREE_PAYPAL_Disable_Funding_List"/>
                <attribute attribute-id="BRAINTREE_PAYPAL_Enable_Funding_List"/>
                <attribute attribute-id="BRAINTREE_Dropin_UI_Paypal_Credit_Button_Visibility"/>
                <attribute attribute-id="BRAINTREE_PAYPAL_CWPP_Button_Enabled"/>
                <attribute attribute-id="BRAINTREE_PAYPAL_CWPP_Button_Url"/>
                <attribute attribute-id="BRAINTREE_PAYPAL_CWPP_Agent_Login"/>
                <attribute attribute-id="BRAINTREE_PAYPAL_CWPP_Agent_Password"/>
                <attribute attribute-id="BRAINTREE_PAYPAL_APMA_Enabled"/>
            </attribute-group>
            <attribute-group group-id="BRAINTREE_APPLEPAY">
                <display-name xml:lang="x-default">Braintree Apple Pay</display-name>
                <attribute attribute-id="BRAINTREE_APPLEPAY_Display_Name"/>
                <attribute attribute-id="BRAINTREE_APPLEPAY_Visibility_Button_On_Cart"/>
            </attribute-group>
            <attribute-group group-id="BRAINTREE_VENMO">
                <display-name xml:lang="x-default">Braintree Venmo</display-name>
                <attribute attribute-id="BRAINTREE_VENMO_Display_Name"/>
            </attribute-group>
            <attribute-group group-id="BRAINTREE_GOOGLEPAY">
                <display-name xml:lang="x-default">Braintree Google Pay</display-name>
                <attribute attribute-id="BRAINTREE_GOOGLEPAY_Display_Name"/>
                <attribute attribute-id="BRAINTREE_GOOGLEPAY_Visibility_Button_On_Cart"/>
                <attribute attribute-id="BRAINTREE_GOOGLEPAY_Google_Merchant_Id"/>
            </attribute-group>
            <attribute-group group-id="BRAINTREE_SRC">
                <display-name xml:lang="x-default">Braintree Secure Remote Commerce</display-name>
                <attribute attribute-id="BRAINTREE_SRC_Display_Name"/>
                <attribute attribute-id="BRAINTREE_SRC_Visibility_Button_On_Cart"/>
            </attribute-group>
        </group-definitions>
    </type-extension>

    <type-extension type-id="OrderPaymentInstrument">
        <custom-attribute-definitions>
            <attribute-definition attribute-id="braintreeCreditCardBillingAddress">
                <display-name xml:lang="x-default">Braintree Credit card billing address</display-name>
                <description xml:lang="x-default">A billing address of a credit card. Also will be save on Braintree side.</description>
                <type>string</type>
                <mandatory-flag>false</mandatory-flag>
                <externally-managed-flag>false</externally-managed-flag>
                <min-length>0</min-length>
            </attribute-definition>
            <attribute-definition attribute-id="braintreePaymentMethodBillingAddress">
                <display-name xml:lang="x-default">Braintree payment method billing address</display-name>
                <description xml:lang="x-default">The billing address of payment method to be saved on the Braintree side.</description>
                <type>string</type>
                <mandatory-flag>false</mandatory-flag>
                <externally-managed-flag>false</externally-managed-flag>
                <min-length>0</min-length>
            </attribute-definition>
            <attribute-definition attribute-id="braintreeDropinIsPayPalBillingAddressExist">
                <description xml:lang="x-default">Indicates whether the payPal 'tokenizePayload' contains a billing address or not</description>
                <type>boolean</type>
                <mandatory-flag>false</mandatory-flag>
                <externally-managed-flag>false</externally-managed-flag>
            </attribute-definition>
            <attribute-definition attribute-id="braintreePaymentMethodNonce">
                <display-name xml:lang="x-default">Braintree Payment Method Nonce</display-name>
                <type>string</type>
                <mandatory-flag>false</mandatory-flag>
                <externally-managed-flag>false</externally-managed-flag>
                <min-length>0</min-length>
            </attribute-definition>
            <attribute-definition attribute-id="braintreePaymentMethodToken">
                <display-name xml:lang="x-default">Braintree Payment Method Token</display-name>
                <description xml:lang="x-default">Braintree Payment Method Token</description>
                <type>string</type>
                <mandatory-flag>false</mandatory-flag>
                <externally-managed-flag>false</externally-managed-flag>
                <min-length>0</min-length>
            </attribute-definition>
            <attribute-definition attribute-id="braintreeFraudRiskData">
                <display-name xml:lang="x-default">Braintree Payment Device Data/Risk Decision</display-name>
                <type>string</type>
                <mandatory-flag>false</mandatory-flag>
                <externally-managed-flag>false</externally-managed-flag>
                <min-length>0</min-length>
            </attribute-definition>
            <attribute-definition attribute-id="payPalFundingSource">
                <display-name xml:lang="x-default">Braintree PayPal Smart Button Funding Source</display-name>
                <type>string</type>
                <mandatory-flag>false</mandatory-flag>
                <externally-managed-flag>false</externally-managed-flag>
                <min-length>0</min-length>
            </attribute-definition>
            <attribute-definition attribute-id="braintreeFailReason">
                <display-name xml:lang="x-default">Braintree Order Fail Reason</display-name>
                <description xml:lang="x-default">Braintree Order Fail Reason</description>
                <type>string</type>
                <mandatory-flag>false</mandatory-flag>
                <externally-managed-flag>false</externally-managed-flag>
                <min-length>0</min-length>
            </attribute-definition>
            <attribute-definition attribute-id="braintree3dSecureStatus">
                <display-name xml:lang="x-default">Braintree 3D Secure Status</display-name>
                <description xml:lang="x-default">Braintree 3D Secure Status</description>
                <type>string</type>
                <mandatory-flag>false</mandatory-flag>
                <externally-managed-flag>false</externally-managed-flag>
                <min-length>0</min-length>
            </attribute-definition>
            <attribute-definition attribute-id="braintreeDefaultCard">
                <display-name xml:lang="x-default">Payment Method Default</display-name>
                <description xml:lang="x-default"></description>
                <type>boolean</type>
                <mandatory-flag>false</mandatory-flag>
                <externally-managed-flag>false</externally-managed-flag>
            </attribute-definition>
            <attribute-definition attribute-id="braintreeSaveCreditCard">
                <display-name xml:lang="x-default">Save Payment Method</display-name>
                <description xml:lang="x-default"></description>
                <type>boolean</type>
                <mandatory-flag>false</mandatory-flag>
                <externally-managed-flag>false</externally-managed-flag>
            </attribute-definition>
            <attribute-definition attribute-id="braintreeIs3dSecureRequired">
                <display-name xml:lang="x-default">Braintree 3d secure is required</display-name>
                <description xml:lang="x-default"></description>
                <type>boolean</type>
                <mandatory-flag>false</mandatory-flag>
                <externally-managed-flag>false</externally-managed-flag>
            </attribute-definition>
            <attribute-definition attribute-id="braintreePaypalEmail">
                <display-name xml:lang="x-default">Braintree PayPal Account Email</display-name>
                <description xml:lang="x-default">Braintree PayPal Account Email</description>
                <type>string</type>
                <mandatory-flag>false</mandatory-flag>
                <externally-managed-flag>false</externally-managed-flag>
                <min-length>0</min-length>
            </attribute-definition>
            <attribute-definition attribute-id="braintreeVenmoUserId">
                <display-name xml:lang="x-default">Venmo User ID</display-name>
                <type>string</type>
                <mandatory-flag>false</mandatory-flag>
                <externally-managed-flag>false</externally-managed-flag>
                <min-length>0</min-length>
            </attribute-definition>
            <attribute-definition attribute-id="braintreeGooglePayCardDescription">
                <display-name xml:lang="x-default">Braintree GooglePay Card Description</display-name>
                <description xml:lang="x-default">Braintree GooglePay masked Card Description</description>
                <type>string</type>
                <mandatory-flag>false</mandatory-flag>
                <externally-managed-flag>false</externally-managed-flag>
                <min-length>0</min-length>
            </attribute-definition>
            <attribute-definition attribute-id="braintreeSrcCardDescription">
                <display-name xml:lang="x-default">Braintree Src Card Description</display-name>
                <description xml:lang="x-default">Braintree Src card description</description>
                <type>string</type>
                <mandatory-flag>false</mandatory-flag>
                <externally-managed-flag>false</externally-managed-flag>
                <min-length>0</min-length>
            </attribute-definition>
        </custom-attribute-definitions>
    </type-extension>

    <type-extension type-id="PaymentTransaction">
        <custom-attribute-definitions>
            <attribute-definition attribute-id="braintreeRequest">
                <display-name xml:lang="x-default">Braintree Request</display-name>
                <description xml:lang="x-default">Braintree Request Log</description>
                <type>string</type>
                <mandatory-flag>false</mandatory-flag>
                <externally-managed-flag>false</externally-managed-flag>
                <min-length>0</min-length>
            </attribute-definition>
            <attribute-definition attribute-id="braintreeResponse">
                <display-name xml:lang="x-default">Braintree Response</display-name>
                <description xml:lang="x-default">Braintree Response Log</description>
                <type>string</type>
                <mandatory-flag>false</mandatory-flag>
                <externally-managed-flag>false</externally-managed-flag>
                <min-length>0</min-length>
            </attribute-definition>
        </custom-attribute-definitions>
    </type-extension>

    <type-extension type-id="CustomerPaymentInstrument">
        <custom-attribute-definitions>
            <attribute-definition attribute-id="braintreeCreditCardBillingAddress">
                <display-name xml:lang="x-default">Braintree Credit card billing address</display-name>
                <description xml:lang="x-default">A billing address of a credit card.</description>
                <type>string</type>
                <mandatory-flag>false</mandatory-flag>
                <externally-managed-flag>false</externally-managed-flag>
                <min-length>0</min-length>
            </attribute-definition>
            <attribute-definition attribute-id="braintreeDefaultCard">
                <display-name xml:lang="x-default">Default card</display-name>
                <description xml:lang="x-default"></description>
                <type>boolean</type>
                <mandatory-flag>false</mandatory-flag>
                <externally-managed-flag>false</externally-managed-flag>
            </attribute-definition>
            <attribute-definition attribute-id="braintreePaypalAccountEmail">
                <display-name xml:lang="x-default">Braintree PayPal Account Email</display-name>
                <description xml:lang="x-default">Braintree PayPal Account Email</description>
                <type>string</type>
                <mandatory-flag>false</mandatory-flag>
                <externally-managed-flag>false</externally-managed-flag>
                <min-length>0</min-length>
            </attribute-definition>
            <attribute-definition attribute-id="braintreePaymentMethodAccount">
                <display-name xml:lang="x-default">Braintree Payment Method Account</display-name>
                <description xml:lang="x-default">An email address of the Braintree Payment Method Account used for OCAPI functionality</description>
                <type>string</type>
                <mandatory-flag>false</mandatory-flag>
                <externally-managed-flag>false</externally-managed-flag>
                <min-length>0</min-length>
            </attribute-definition>
            <attribute-definition attribute-id="braintreePaymentMethodNonce">
                <display-name xml:lang="x-default">Braintree Payment Method Nonce</display-name>
                <description xml:lang="x-default">Braintree Payment Method Nonce used for OCAPI functionality</description>
                <type>string</type>
                <mandatory-flag>false</mandatory-flag>
                <externally-managed-flag>false</externally-managed-flag>
                <min-length>0</min-length>
            </attribute-definition>
            <attribute-definition attribute-id="braintreePaypalAccountAddresses">
                <display-name xml:lang="x-default">Braintree PayPal Account Addresses</display-name>
                <description xml:lang="x-default">Braintree PayPal Account Addresses</description>
                <type>string</type>
                <mandatory-flag>false</mandatory-flag>
                <externally-managed-flag>false</externally-managed-flag>
                <min-length>0</min-length>
            </attribute-definition>
            <attribute-definition attribute-id="braintreePaymentMethodToken">
                <display-name xml:lang="x-default">Braintree Payment Method Token</display-name>
                <description xml:lang="x-default">Braintree Payment Method Token</description>
                <type>string</type>
                <mandatory-flag>false</mandatory-flag>
                <externally-managed-flag>false</externally-managed-flag>
                <min-length>0</min-length>
            </attribute-definition>
            <attribute-definition attribute-id="braintreeVenmoCustomerId">
                <display-name xml:lang="x-default">Braintree venmo customer ID</display-name>
                <type>string</type>
                <mandatory-flag>false</mandatory-flag>
                <externally-managed-flag>false</externally-managed-flag>
                <min-length>0</min-length>
            </attribute-definition>
            <attribute-definition attribute-id="braintreeVenmoUserId">
                <display-name xml:lang="x-default">Braintree venmo user Id</display-name>
                <type>string</type>
                <mandatory-flag>false</mandatory-flag>
                <externally-managed-flag>false</externally-managed-flag>
                <min-length>0</min-length>
            </attribute-definition>
            <attribute-definition attribute-id="braintreeVenmoUsername">
                <display-name xml:lang="x-default">Braintree venmo username</display-name>
                <type>string</type>
                <mandatory-flag>false</mandatory-flag>
                <externally-managed-flag>false</externally-managed-flag>
                <min-length>0</min-length>
            </attribute-definition>
            <attribute-definition attribute-id="braintreeGooglePayCustomerId">
                <display-name xml:lang="x-default">Braintree Google Pay user Id</display-name>
                <type>string</type>
                <mandatory-flag>false</mandatory-flag>
                <externally-managed-flag>false</externally-managed-flag>
                <min-length>0</min-length>
            </attribute-definition>
        </custom-attribute-definitions>
    </type-extension>

    <type-extension type-id="Order">
        <custom-attribute-definitions>
            <attribute-definition attribute-id="braintreePaymentStatus">
                <display-name xml:lang="x-default">Braintree Payment Status</display-name>
                <type>string</type>
                <mandatory-flag>false</mandatory-flag>
                <externally-managed-flag>false</externally-managed-flag>
                <min-length>0</min-length>
            </attribute-definition>
            <attribute-definition attribute-id="leftToSettle">
                <display-name xml:lang="x-default">Order left to settle amount</display-name>
                <type>double</type>
                <mandatory-flag>false</mandatory-flag>
                <externally-managed-flag>false</externally-managed-flag>
                <min-length>0</min-length>
            </attribute-definition>
            <attribute-definition attribute-id="isBraintree">
                <display-name xml:lang="x-default">Braintree payment Method</display-name>
                <description xml:lang="x-default">Indicate if order was placed with Braintree</description>
                <type>boolean</type>
                <mandatory-flag>false</mandatory-flag>
                <externally-managed-flag>false</externally-managed-flag>
            </attribute-definition>
            <attribute-definition attribute-id="isBraintreeIntentOrder">
                <display-name xml:lang="x-default">Braintree Intent Order</display-name>
                <description xml:lang="x-default">Indicate if order was placed with PayPal Intent Order</description>
                <type>boolean</type>
                <mandatory-flag>false</mandatory-flag>
                <externally-managed-flag>false</externally-managed-flag>
            </attribute-definition>
            <attribute-definition attribute-id="partialTransactions">
                <display-name xml:lang="x-default">List of partial transactions</display-name>
                <description xml:lang="x-default">Keep transaction id that was made in the scope of order</description>
                <type>set-of-string</type>
                <mandatory-flag>false</mandatory-flag>
                <externally-managed-flag>false</externally-managed-flag>
            </attribute-definition>
            <attribute-definition attribute-id="braintree_LPM_PaymentId">
                <display-name xml:lang="x-default">Braintree LPM Payment Id</display-name>
                <type>string</type>
                <mandatory-flag>false</mandatory-flag>
                <externally-managed-flag>false</externally-managed-flag>
            </attribute-definition>
        </custom-attribute-definitions>
    </type-extension>

    <type-extension type-id="Product">
        <custom-attribute-definitions>
            <attribute-definition attribute-id="commodityCode">
                <display-name xml:lang="x-default">commodity code</display-name>
                <description xml:lang="x-default">Code used to classify items purchased and track the total amount spent across various categories of products and services. Different corporate purchasing organizations may use different standards, but the United Nations Standard Products and Services Code (UNSPSC) is frequently used. Maximum 12 characters.</description>
                <type>string</type>
                <localizable-flag>false</localizable-flag>
                <site-specific-flag>false</site-specific-flag>
                <mandatory-flag>false</mandatory-flag>
                <visible-flag>false</visible-flag>
                <externally-managed-flag>false</externally-managed-flag>
                <order-required-flag>false</order-required-flag>
                <externally-defined-flag>false</externally-defined-flag>
                <min-length>0</min-length>
            </attribute-definition>
            <attribute-definition attribute-id="unitOfMeasure">
                <display-name xml:lang="x-default">unit of measure</display-name>
                <description xml:lang="x-default">The unit of measure or the unit of measure code. Maximum 12 characters.</description>
                <type>string</type>
                <localizable-flag>false</localizable-flag>
                <site-specific-flag>false</site-specific-flag>
                <mandatory-flag>false</mandatory-flag>
                <visible-flag>false</visible-flag>
                <externally-managed-flag>false</externally-managed-flag>
                <order-required-flag>false</order-required-flag>
                <externally-defined-flag>false</externally-defined-flag>
                <min-length>0</min-length>
            </attribute-definition>
        </custom-attribute-definitions>
        <group-definitions>
            <attribute-group group-id="Braintree">
                <display-name xml:lang="x-default">Braintree Level3 line items</display-name>
                <attribute attribute-id="unitOfMeasure"/>
                <attribute attribute-id="commodityCode"/>
            </attribute-group>
        </group-definitions>
    </type-extension>

    <type-extension type-id="Profile">
        <custom-attribute-definitions>
            <attribute-definition attribute-id="isBraintree">
                <display-name xml:lang="x-default">Customer is stored into Braintree vault</display-name>
                <type>boolean</type>
                <mandatory-flag>false</mandatory-flag>
                <externally-managed-flag>false</externally-managed-flag>
            </attribute-definition>
            <attribute-definition attribute-id="braintreeCustomerId">
                <display-name xml:lang="x-default">Customer id from Braintree side</display-name>
                <type>string</type>
                <mandatory-flag>false</mandatory-flag>
                <externally-managed-flag>false</externally-managed-flag>
                <min-length>0</min-length>
            </attribute-definition>
            <attribute-definition attribute-id="flashMessages">
                <display-name xml:lang="x-default">Flash Messages</display-name>
                <type>text</type>
                <mandatory-flag>false</mandatory-flag>
                <externally-managed-flag>false</externally-managed-flag>
            </attribute-definition>
            <attribute-definition attribute-id="isDisabledFeatureAPMA">
                <display-name xml:lang="x-default">APMA feature is disabled</display-name>
                <description xml:lang="x-default">Identifies whether the Automatic Payment Method Adding feature is disabled.</description>
                <type>boolean</type>
                <mandatory-flag>false</mandatory-flag>
                <externally-managed-flag>false</externally-managed-flag>
            </attribute-definition>
             <attribute-definition attribute-id="isShowedMessageCWPP">
                <display-name xml:lang="x-default">CWPP existing account entrance notification was showed</display-name>
                <description xml:lang="x-default">Identifies whether the existing account entrance notification was shown for the customer who used CWPP.</description>
                <type>boolean</type>
                <mandatory-flag>false</mandatory-flag>
                <externally-managed-flag>false</externally-managed-flag>
            </attribute-definition>
        </custom-attribute-definitions>
        <group-definitions>
            <attribute-group group-id="Custom">
                <display-name xml:lang="x-default">Custom Attributes</display-name>
                <attribute attribute-id="flashMessages"/>
                <attribute attribute-id="isDisabledFeatureAPMA"/>
                <attribute attribute-id="isShowedMessageCWPP"/>
            </attribute-group>
        </group-definitions>
    </type-extension>

    <type-extension type-id="ServiceCredential">
        <custom-attribute-definitions>
            <attribute-definition attribute-id="BRAINTREE_Merchant_ID">
                <display-name xml:lang="x-default">Merchant ID</display-name>
                <description xml:lang="x-default">The Merchant ID is a unique identifier that Braintree assigns to the your Braintree gateway account. This should not be confused with Merchant Account ID. Could be blank, if ECBT token is entered</description>
                <type>string</type>
                <mandatory-flag>false</mandatory-flag>
                <externally-managed-flag>false</externally-managed-flag>
                <min-length>0</min-length>
            </attribute-definition>
            <attribute-definition attribute-id="BRAINTREE_ECVZ_Access_Token">
                <display-name xml:lang="x-default">ECBT Access Token</display-name>
                <description xml:lang="x-default"></description>
                <type>string</type>
                <mandatory-flag>false</mandatory-flag>
                <externally-managed-flag>false</externally-managed-flag>
                <min-length>0</min-length>
            </attribute-definition>
            <attribute-definition attribute-id="BRAINTREE_PAYPAL_RESTAPI_TempToken">
                <display-name xml:lang="x-default">PayPal REST API temp token</display-name>
                <type>string</type>
                <mandatory-flag>false</mandatory-flag>
                <externally-managed-flag>false</externally-managed-flag>
                <min-length>0</min-length>
            </attribute-definition>
            <attribute-definition attribute-id="BRAINTREE_PAYPAL_RESTAPI_TempTokenExpiredTime">
                <display-name xml:lang="x-default">PayPal REST API temp token expired time</display-name>
                <type>string</type>
                <mandatory-flag>false</mandatory-flag>
                <externally-managed-flag>false</externally-managed-flag>
                <min-length>0</min-length>
            </attribute-definition>
            <attribute-definition attribute-id="BRAINTREE_ECVZ_Api_Url">
                <display-name xml:lang="x-default">ECBT API URL</display-name>
                <description xml:lang="x-default"></description>
                <type>string</type>
                <mandatory-flag>false</mandatory-flag>
                <externally-managed-flag>false</externally-managed-flag>
                <min-length>0</min-length>
            </attribute-definition>
            <attribute-definition attribute-id="BRAINTREE_Tokenization_Key">
                <display-name xml:lang="x-default">Tokenization Key</display-name>
                <type>string</type>
                <mandatory-flag>false</mandatory-flag>
                <externally-managed-flag>false</externally-managed-flag>
                <min-length>0</min-length>
            </attribute-definition>
        </custom-attribute-definitions>
        <group-definitions>
            <attribute-group group-id="Braintree_API">
                <display-name xml:lang="x-default">Braintree</display-name>
                <attribute attribute-id="BRAINTREE_Merchant_ID"/>
                <attribute attribute-id="BRAINTREE_ECVZ_Access_Token"/>
                <attribute attribute-id="BRAINTREE_ECVZ_Api_Url"/>
                <attribute attribute-id="BRAINTREE_Tokenization_Key"/>
            </attribute-group>
        </group-definitions>
    </type-extension>
</metadata>
