<?xml version="1.0" encoding="UTF-8"?>
<payment-processors xmlns="http://www.demandware.com/xml/impex/paymentprocessor/2007-03-31">
    <payment-processor processor-id="BRAINTREE_APPLEPAY">
        <preferences>
            <all-instances/>
            <development/>
            <staging/>
            <production/>
        </preferences>
    </payment-processor>

    <payment-processor processor-id="BRAINTREE_CREDIT">
        <preferences>
            <all-instances/>
            <development/>
            <staging/>
            <production/>
        </preferences>
    </payment-processor>

    <payment-processor processor-id="BRAINTREE_LOCAL">
        <preferences>
            <all-instances/>
            <development/>
            <staging/>
            <production/>
        </preferences>
    </payment-processor>

    <payment-processor processor-id="BRAINTREE_PAYPAL">
        <preferences>
            <all-instances/>
            <development/>
            <staging/>
            <production/>
        </preferences>
    </payment-processor>

    <payment-processor processor-id="BRAINTREE_VENMO">
        <preferences>
            <all-instances/>
            <development/>
            <staging/>
            <production/>
        </preferences>
    </payment-processor>

    <payment-processor processor-id="BRAINTREE_GOOGLEPAY">
        <preferences>
            <all-instances/>
            <development/>
            <staging/>
            <production/>
        </preferences>
    </payment-processor>

    <payment-processor processor-id="BRAINTREE_SRC">
        <preferences>
            <all-instances/>
            <development/>
            <staging/>
            <production/>
        </preferences>
    </payment-processor>

</payment-processors>
