<?xml version="1.0" encoding="ISO-8859-1" ?>
<extensions xmlns="http://www.demandware.com/xml/bmmodules/2007-12-11"
    xmlns:xsi="http://www.w3.org/2001/XMLSchema-instance"
    xsi:schemaLocation="http://www.demandware.com/xml/bmmodules/2007-12-11 bmext.xsd">

    <menuaction id="braintree_transactions_manager" menupath="orders" position="200" site="true">
        <name xml:lang="x-default">Braintree Transactions</name>
        <short_description xml:lang="x-default">Manage the Braintree transactions related with this site orders.</short_description>
        <description xml:lang="x-default">Manage the Braintree transactions related with this site orders.</description>
        <exec pipeline="BraintreeAdmin" node="Orders" />
        <sub-pipelines>
            <pipeline name="BraintreeAdmin-Orders" />
            <pipeline name="BraintreeAdmin-OrderTransaction" />
            <pipeline name="BraintreeAdmin-Action" />
            <pipeline name="BraintreeAdmin-MerchantView" />
        </sub-pipelines>
        <icon>braintreebm/images/braintree.ico</icon>
    </menuaction>
</extensions>
