{
    "hooks": [
        {
            "name": "dw.ocapi.shop.product_search.modifyGETResponse",
            "script": "./scripts/hooks/shop/productSearch"
        },
        {
            "name": "dw.ocapi.shop.product.modifyGETResponse",
            "script": "./scripts/hooks/shop/product"
        },
        {
            "name": "dw.ocapi.shop.product.beforeGET",
            "script": "./scripts/hooks/shop/product"
        },
        {
            "name": "dw.ocapi.shop.basket.modifyGETResponse",
            "script": "./scripts/hooks/shop/basket"
        },
        {
            "name": "dw.ocapi.shop.basket.beforeGET",
            "script": "./scripts/hooks/shop/basket"
        }
    ]
}	
