<?xml version="1.0" encoding="UTF-8"?>
<shipping xmlns="http://www.demandware.com/xml/impex/shipping/2007-03-31">
    <shipping-method method-id="FREE_EUR" default="false">
        <display-name xml:lang="x-default">Free EUR</display-name>
        <description xml:lang="x-default">A zero amount shipping method</description>
        <online-flag>true</online-flag>
        <tax-class-id>standard</tax-class-id>
        <price-table>
            <amount order-value="0">0</amount>
        </price-table>
        <custom-attributes>
            <custom-attribute attribute-id="onlinePickupEnabled">true</custom-attribute>
            <custom-attribute attribute-id="storePickupEnabled">false</custom-attribute>
        </custom-attributes>
        <currency>EUR</currency>
    </shipping-method>

    <shipping-method method-id="FREE_USD" default="false">
        <display-name xml:lang="x-default">Free USD</display-name>
        <description xml:lang="x-default">A zero amount shipping method</description>
        <online-flag>true</online-flag>
        <tax-class-id>standard</tax-class-id>
        <price-table>
            <amount order-value="0">0</amount>
        </price-table>
        <custom-attributes>
            <custom-attribute attribute-id="onlinePickupEnabled">true</custom-attribute>
            <custom-attribute attribute-id="storePickupEnabled">false</custom-attribute>
        </custom-attributes>
        <currency>USD</currency>
    </shipping-method>

</shipping>
