<?xml version="1.0" encoding="ISO-8859-1" ?>
<extensions xmlns="http://www.demandware.com/xml/bmmodules/2007-12-11"
	xmlns:xsi="http://www.w3.org/2001/XMLSchema-instance"
	xsi:schemaLocation="http://www.demandware.com/xml/bmmodules/2007-12-11 bmext.xsd">

	<menuitem id="paypal-plugin" site="true">
        <name xml:lang="x-default">PayPal Plugin</name>
        <short_description xml:lang="x-default">Manage the PayPal plugin functionality: transactions, styles, preferences.</short_description>
        <description xml:lang="x-default">Manage the PayPal plugin functionality: transactions, styles, preferences.</description>
		<icon>images/icon_transactions.png</icon>
    </menuitem>

	<menuaction id="paypal-transactions-manager" menupath="paypal-plugin" position="1" site="true">
		<name xml:lang="x-default">Transactions</name>
		<short_description xml:lang="x-default">Manage the PayPal transactions related with site orders.</short_description>
		<description xml:lang="x-default">Manage the PayPal transactions related with site orders.</description>
		<exec pipeline="PaypalAdmin" node="Orders" />
		<sub-pipelines>
			<pipeline name="PaypalAdmin-Orders" />
			<pipeline name="PaypalAdmin-OrderTransaction" />
			<pipeline name="PaypalAdmin-Action" />
			<pipeline name="PaypalAdmin-RenderNewTransactionForm" />
		</sub-pipelines>
		<icon>images/icon_transactions.png</icon>
	</menuaction>

	<menuaction id="paypal-preference-configuration" menupath="paypal-plugin" position="3" site="true">
		<name xml:lang="x-default">Preference Configuration</name>
		<short_description xml:lang="x-default">Set PayPal site preferences.</short_description>
		<description xml:lang="x-default">Set PayPal site preferences.</description>
		<exec pipeline="Preferences" node="Groups" />
		<sub-pipelines>
			<pipeline name="Preferences-Groups" />
		</sub-pipelines>
		<icon>images/icon_transactions.png</icon>
	</menuaction>

</extensions>
